subjnum,mean_p_efficient,learning_slope,transition_trial,end_p_efficient,early_p_efficient,late_p_efficient,cd_mean_efficient,cd_learning_slope,cd_end_efficient,vd_mean_efficient,vd_learning_slope,vd_end_efficient,overall_suppress,early_suppress,late_suppress,suppress_growth
1,0.31944966841369854,-2.6589632322616507e-5,132,0.3090325138451673,0.31437291478504853,0.30358464389826145,0.33436636045883433,5.4973819333548636e-5,0.3414626456286361,0.3049154556517713,-9.749639005884556e-5,0.278918820046232,0.03227089842649694,0.04871678524240797,0.05596580559573522,0.007249020353327251
3,0.2532072566028571,1.1219332072895347e-5,59,0.2259151129381099,0.21980084934453908,0.23613966241581058,0.26105745464735197,1.786216800727691e-4,0.26992603707065277,0.24631082093759993,-1.211753413244004e-4,0.1936404352409118,0.012147696776754813,0.02315658933723952,0.019852543450000593,-0.0033040458872389267
5,0.2917795445575408,1.287473788211727e-4,132,0.30400372268764364,0.2782388222527005,0.2992666465778656,0.2896320033693593,6.042955762520418e-5,0.2954787259967623,0.29390643631122054,1.9291682053109932e-4,0.31394955216033854,-0.004158521289498909,-0.005446947030644744,-0.020218026528689093,-0.014771079498044348
7,0.27626549026024677,-1.8687635286865472e-4,23,0.27217153892038914,0.3037276964162286,0.26230793925086904,0.27759909205991184,-1.3378168315737577e-4,0.25500398587663287,0.2749689329550168,-2.359740325298406e-4,0.2881128381753057,0.0047098696498575066,-0.019546082216401472,0.002463129796332175,0.022009212012733648
9,0.26837535655394157,-3.187287879499359e-4,213,0.24247015875553601,0.2954326014547911,0.24417113993523196,0.2628376694999168,-2.744732132130493e-4,0.2319680508897027,0.2740185233613763,-3.621312530186967e-4,0.25378012107258724,-0.009803228845467526,-0.0397940903755481,0.004322342868442575,0.04411643324399067
11,0.2648390880446323,3.356390387008158e-6,NA,0.26809905678091683,0.2615691845902637,0.2719278996404974,0.26046419367266205,-1.3530081895885967e-4,0.2697884175275159,0.269255648077288,1.418478932250587e-4,0.26640969603431774,-0.007064975765979406,0.020927605591971377,-0.03128217837810687,-0.05220978397007825
13,0.31014033728145396,-8.808654326843185e-5,206,0.28194219413890254,0.3216164351471197,0.2953755543954594,0.31012097340420375,-5.465685553998866e-5,0.2864726041958779,0.3101600808425719,-1.2436480737978444e-4,0.2770632910006214,0.0021316566771634737,-0.004046089709375367,-0.02064885429567498,-0.016602764586299612
15,0.2505684214717422,4.2376535789985406e-5,NA,0.23587746896930292,0.23707747749382696,0.25595284767816934,0.23663182917617834,1.941527799595814e-4,0.24371560468099637,0.26391196728664373,-9.556914753629167e-5,0.2280393332576095,-0.03207124221799111,-0.045459410641235376,0.002606580820980642,0.04806599146221602
17,0.39798331976806145,-1.0723613490567574e-4,13,0.42138223649183726,0.41696569340796896,0.4017051502497819,0.37707636539232964,-2.631443632628408e-4,0.31417208879810143,0.41684502860703687,1.4980484084408642e-5,0.5120985153096137,-0.04812905499429666,-0.0028587454803016277,-0.07207206582393463,-0.069213320343633
19,0.2928142150190395,-4.345848141353582e-4,NA,0.2703327654467704,0.3523110679412491,0.266349659605146,0.2898952456011619,-4.314628380488819e-4,0.25145777108918194,0.2958721829806255,-4.394324766025811e-4,0.28920775980435875,-0.00817479931397766,-0.01910996841157686,-0.007656201129070228,0.011453767282506633
21,0.32964244125061604,4.140163597042087e-4,80,0.34172034794872336,0.3004601597322121,0.36461843523943255,0.3263888876761125,-9.5122127723502e-5,0.28020384920757,0.3326484418357552,8.582843338877237e-4,0.3970851968157613,-0.005957035325476239,0.05903254352527243,-0.1018665852504883,-0.16089912877576074
23,0.2988865163053975,2.4002567781308628e-4,233,0.38924973162344884,0.2787762381119666,0.32413157416745897,0.32661272369462696,2.4510705432073335e-4,0.48414576837519,0.27066073761185755,2.3693072359870778e-4,0.2870539997369583,0.05588052331515747,0.08929147188413228,0.062391259164695845,-0.026900212719436434
25,0.29272750435797,9.61392226729366e-5,213,0.24444063593404108,0.27345540306072863,0.2854943093334409,0.2990085746901779,2.8196959296763005e-4,0.23148024106652193,0.28632792326477713,-7.013115120708251e-5,0.2536980608394119,0.006664650674610778,-0.026767919133884377,0.06295699226873752,0.0897249114026219
27,0.28698336317260864,-3.9504598933607027e-4,NA,0.27451931919304556,0.35658287051833704,0.2748489842387539,0.27843645526843785,-3.905117660867982e-4,0.2588930160849665,0.2966330979031241,-4.1291144147253774e-4,0.2913476456171307,-0.022889712587022937,-0.04424998584117701,-0.026446232281625903,0.017803753559551105
29,0.3449953161632811,-3.172911662162672e-5,148,0.2906230515217103,0.3441469033403765,0.3360771335990855,0.3493780880407543,4.618659240158151e-5,0.2725264129829816,0.34048106112948373,-1.3093373400194529e-4,0.3187733781375105,0.00984101524160115,-0.0286368870969142,0.007406237192695453,0.03604312428960965
31,0.3051260952404125,-2.3970103344833328e-4,NA,0.2653203827789491,0.3224855001229404,0.27282715438587085,0.3061308083550725,-2.022899136048876e-4,0.2630681481275999,0.3041306850249624,-2.7898158702391806e-4,0.26741174352663055,7.132250223320646e-4,-0.004359293247385432,0.020937387809961516,0.025296681057346948
33,0.2864832086339979,1.7574090011763616e-4,185,0.30962984829556467,0.27401125698909684,0.3098101464519371,0.27588259498768486,2.072696788741839e-4,0.3031259296290935,0.2971919918073141,1.537943434245891e-4,0.3172177534064477,-0.020183818823025224,-0.020000005099830742,0.009984995695498211,0.029985000795328953
35,0.32098342708336247,-4.356432701943617e-4,150,0.26512679860273497,0.34933449323373245,0.28652010940144845,0.33762054639953515,-2.568730299966825e-4,0.29818761610730227,0.3040102043466611,-6.423390094056059e-4,0.2265558448474064,0.03339866101866834,0.002522962327056455,0.07940831879952337,0.07688535647246691
37,0.3466008392239357,-1.7452667052802364e-4,32,0.2995846247163805,0.35743228394759385,0.33134974209211143,0.33831997133030256,-2.10004134217439e-4,0.31316855086152984,0.35526243667589674,-1.370074678070646e-4,0.2847657961943993,-0.016535993596221515,0.02849617181751357,-0.0024598982816617654,-0.030956070099175337
39,0.25156362558424683,-4.5413670287388074e-4,NA,0.2307627146491925,0.31591716021005284,0.22695852924060475,0.25208876730493823,-3.6040058881309624e-4,0.23114763553033227,0.25104325787919807,-5.406029405602165e-4,0.23037779376805276,0.004277924608094799,-0.04627423135374692,-0.004504133821473744,0.041770097532273176
41,0.2783968109645731,-9.763107346803066e-5,NA,0.263307485045815,0.2880931704021544,0.262534804657416,0.28495862633739266,9.041137509036862e-6,0.2726901025142259,0.27138467492891294,-2.202245549824339e-4,0.2539248675774042,0.0121667801220543,-0.026255662128730928,0.042614279393316135,0.06886994152204706
43,0.40033118531002,6.260727196253853e-5,17,0.41070517411609964,0.3909673758140848,0.4081541517959215,0.3931739317411613,-4.718645468675163e-5,0.42593914490735924,0.40715083257846085,1.8050954494629824e-4,0.39655934409564425,-0.014891210048131417,0.0025189331113597557,-0.02321141533395471,-0.025730348445314466
45,0.33660492031876477,-3.098908050961126e-4,22,0.33589901147108175,0.3792655185628173,0.318103586102736,0.31104463586040004,-3.552570662435748e-4,0.27308585072225544,0.36074518897388697,-2.790682860604554e-4,0.3942255178807062,-0.048187876682892705,-0.03698563827802581,-0.1059330578435273,-0.06894741956550149
47,0.30906937341462265,1.673352847753534e-4,231,0.3686112811919519,0.2927120197141858,0.33258442355789203,0.30233814491308864,1.1156309642737219e-4,0.37034998288118953,0.31586292810598576,2.2711777238250942e-4,0.36673883321892675,-0.013482647392002917,-0.005415352692491215,-0.04321888525121548,-0.03780353255872426
