subjnum,TaskOrder,block_Norm,CD,VD,suppress_score
1,VST_first,1,0.6665982452838846,0.6912197616327884,0.02462151634890386
1,VST_first,2,0.6569628621557256,0.7297749162916377,0.07281205413591207
1,VST_first,3,0.6610236460899671,0.702738201504942,0.04171455541497493
1,VST_first,4,0.6947450789794679,0.6703420613866297,-0.02440301759283825
1,VST_first,5,0.6795708577025128,0.6005592381358451,-0.07901161956666769
1,VST_first,6,0.6088502456957688,0.719352333175989,0.11050208748022017
1,VST_first,7,0.6763181035649072,0.7257058891739735,0.049387785609066315
1,VST_first,8,0.658537354371364,0.7210811799537681,0.06254382558240412
2,RSVP_first,1,0.6961155088349338,0.6562737389735039,-0.03984176986142984
2,RSVP_first,2,0.7615918766082534,0.6647167235572601,-0.09687515305099337
2,RSVP_first,3,0.5875477914959336,0.5943374132324711,0.006789621736537521
2,RSVP_first,4,0.7388859741591106,0.6863717830643211,-0.0525141910947895
2,RSVP_first,5,0.7574093024184497,0.754788985008693,-0.002620317409756767
2,RSVP_first,6,0.7118970836761711,0.6420320858052999,-0.06986499787087119
2,RSVP_first,7,0.6978431329544136,0.7457535617460073,0.047910428791593684
2,RSVP_first,8,0.7321808223625996,0.718563063648111,-0.01361775871448867
3,VST_first,1,0.7949541074648269,0.7710699120055834,-0.023884195459243474
3,VST_first,2,0.7391148528348508,0.8093122269685733,0.07019737413372251
3,VST_first,3,0.7059815494887846,0.6300086594531261,-0.07597289003565844
3,VST_first,4,0.8131019206938939,0.7404909976893779,-0.07261092300451599
3,VST_first,5,0.6736017571215136,0.7846679806857626,0.111066223564249
3,VST_first,6,0.7005147153550602,0.7491956134705439,0.048680898115483706
3,VST_first,7,0.7722486738908454,0.7356681589611056,-0.036580514929739794
3,VST_first,8,0.7300739629293472,0.8063595647590882,0.07628560182974098
4,RSVP_first,1,0.6575016616771473,0.5453599793793774,-0.11214168229776988
4,RSVP_first,2,0.6993500402043435,0.6607637509148413,-0.03858628928950225
4,RSVP_first,3,0.6633949539714966,0.6085893658281796,-0.05480558814331704
4,RSVP_first,4,0.6704983892612839,0.7308498475391784,0.060351458277894454
4,RSVP_first,5,0.7025094163341703,0.6768104125330452,-0.02569900380112511
4,RSVP_first,6,0.6533509562379893,0.7378208135919389,0.08446985735394952
4,RSVP_first,7,0.727721384887504,0.7561869845558326,0.028465599668328512
4,RSVP_first,8,0.6617791981303461,0.7026888805372375,0.04090968240689141
5,VST_first,1,0.7141313137011388,0.7184432886238631,0.004311974922724282
5,VST_first,2,0.7350017625092747,0.719795893525261,-0.01520586898401377
5,VST_first,3,0.6977810982971714,0.7384976264047829,0.040716528107611505
5,VST_first,4,0.7436103151676532,0.7147418191820148,-0.028868495985638343
5,VST_first,5,0.6658714911837879,0.6841208679639006,0.018249376780112736
5,VST_first,6,0.7053389626163399,0.6933033305169304,-0.012035632099409499
5,VST_first,7,0.7172978593978058,0.6953326325040039,-0.02196522689380187
5,VST_first,8,0.7045212740032377,0.6860504478396614,-0.018470826163576315
6,RSVP_first,1,0.6303859498654407,0.7160394519914189,0.08565350212597822
6,RSVP_first,2,0.6579817188741679,0.6764241607139773,0.018442441839809365
6,RSVP_first,3,0.7027913470122686,0.713929564868322,0.0111382178560534
6,RSVP_first,4,0.5746917520222771,0.6318514643705693,0.0571597123482922
6,RSVP_first,5,0.7142595275616902,0.6331564694584332,-0.08110305810325702
6,RSVP_first,6,0.6696999542045811,0.6361522141974938,-0.03354774000708727
6,RSVP_first,7,0.6504635175081616,0.6256857412043345,-0.024777776303827048
6,RSVP_first,8,0.7045176045870556,0.6746362571962929,-0.029881347390762647
7,VST_first,1,0.6738738897951844,0.6386443838573698,-0.0352295059378146
7,VST_first,2,0.7402533167751291,0.7363906582801407,-0.003862658494988347
7,VST_first,3,0.7348582190357893,0.7440512815224501,0.009193062486660852
7,VST_first,4,0.764172454742866,0.7146184866830232,-0.0495539680598428
7,VST_first,5,0.664711330011454,0.7426271561178843,0.07791582610643033
7,VST_first,6,0.7163591659079245,0.7506491074136747,0.034289941505750265
7,VST_first,7,0.729242458396896,0.7672775702882333,0.03803511189133724
7,VST_first,8,0.7449960141233671,0.7118871618246942,-0.033108852298672886
8,RSVP_first,1,0.5624956190743727,0.6726579629913556,0.11016234391698287
8,RSVP_first,2,0.7386596317502405,0.7442880064171324,0.005628374666891922
8,RSVP_first,3,0.6682280979916853,0.7675295370803648,0.0993014390886795
8,RSVP_first,4,0.6111482928663434,0.6242969015114268,0.013148608645083382
8,RSVP_first,5,0.702814933472593,0.8092159414927736,0.1064010080201806
8,RSVP_first,6,0.6484461885460239,0.7272665895251148,0.07882040097909093
8,RSVP_first,7,0.7158119214549272,0.6688741763040227,-0.04693774515090454
8,RSVP_first,8,0.652002617177754,0.7826768552935048,0.13067423811575085
9,VST_first,1,0.6870611724223988,0.67043671094859425,-0.016624461473804586
9,VST_first,2,0.7593983171920586,0.696434597914767,-0.06296371927729161
9,VST_first,3,0.6994160903147217,0.7266433744158624,0.027227284101140614
9,VST_first,4,0.7436526882411985,0.7391701339986199,-0.004482554242578596
9,VST_first,5,0.7244525517614101,0.7173563684370866,-0.007096183324323491
9,VST_first,6,0.7674198274521596,0.744288945168392,-0.023130882283767695
9,VST_first,7,0.7381542873124162,0.7686110432321859,0.030456755919769707
9,VST_first,8,0.7680319491102973,0.7462198789274127,-0.021812070182884558
10,RSVP_first,1,0.6917588089426944,0.6577220789192375,-0.03403673002345686
10,RSVP_first,2,0.6481450363500236,0.71569085616922,0.06754581981919638
10,RSVP_first,3,0.6908161374701279,0.6675303378836743,-0.023285799586453604
10,RSVP_first,4,0.6927573564907653,0.6890902313865608,-0.003667125104204527
10,RSVP_first,5,0.71865254965266,0.7374480845934089,0.018795534940748926
10,RSVP_first,6,0.6760991818540986,0.6963353123217597,0.02023613046766115
10,RSVP_first,7,0.6828105435946012,0.7084255910007408,0.025615047406139513
10,RSVP_first,8,0.7320452178419344,0.6885435702441709,-0.04350164759776354
11,VST_first,1,0.6890708713526901,0.7611381537400311,0.07206728238734106
11,VST_first,2,0.7617524913088901,0.7315404201054918,-0.030212071203398305
11,VST_first,3,0.7483092045243203,0.7377921216840777,-0.010517082840242553
11,VST_first,4,0.7135026599186772,0.7469492596623339,0.03344659974365671
11,VST_first,5,0.7517408485378145,0.750019146802654,-0.001721701735160508
11,VST_first,6,0.7532820859877498,0.6962636102639319,-0.05701847572381791
11,VST_first,7,0.7558518195140989,0.6899087412646869,-0.06594307824941192
11,VST_first,8,0.7302115824724841,0.7335903039656823,0.003378721493198178
12,RSVP_first,1,0.7578632702394448,0.6370808955186298,-0.12078237472081499
12,RSVP_first,2,0.6389592500168524,0.6355559109375288,-0.003403339079323553
12,RSVP_first,3,0.6517688402104075,0.742821853212758,0.09105301300235047
12,RSVP_first,4,0.6577733953439642,0.6868789012725138,0.029105505928549658
12,RSVP_first,5,0.7003331459056243,0.7824480247707845,0.08211487886516011
12,RSVP_first,6,0.6861003443154113,0.6333241791375317,-0.05277616517787964
12,RSVP_first,7,0.6851621751133351,0.7111141243825001,0.025951949269164998
12,RSVP_first,8,0.6410079151266347,0.6813330064386126,0.04032509131197792
13,VST_first,1,0.6689550222264733,0.7291975597409307,0.060242537514457406
13,VST_first,2,0.6962923527881245,0.6279576358549164,-0.06833471693320814
13,VST_first,3,0.6997826431855326,0.6998008333805235,1.81901949908303e-5
13,VST_first,4,0.6502114296106664,0.7239455803601444,0.07373415074947809
13,VST_first,5,0.7073082963178203,0.6599585374718322,-0.04734975884598813
13,VST_first,6,0.6584331118248479,0.6984736711537756,0.040040559328927694
13,VST_first,7,0.714077658470396,0.6633706366837895,-0.050707021786606465
13,VST_first,8,0.7135273958041222,0.7229367089993787,0.009409313195256508
14,RSVP_first,1,0.6767293261355571,0.6940418050742957,0.01731247893873855
14,RSVP_first,2,0.6761599441680748,0.7728709724275866,0.09671102825951183
14,RSVP_first,3,0.7898231775110186,0.7542056578702105,-0.03561751964080806
14,RSVP_first,4,0.6727530696186271,0.6790694446510696,0.006316375032442423
14,RSVP_first,5,0.7360442481012612,0.7374936702906876,0.0014494221894263415
14,RSVP_first,6,0.6485383829592928,0.7708914683239787,0.12235308536468592
14,RSVP_first,7,0.700312882827327,0.7229934432713716,0.02268056044404465
14,RSVP_first,8,0.6810387630973894,0.6683671072093671,-0.012671655888022326
15,VST_first,1,0.7850627231190593,0.7541955732094332,-0.030867149909626135
15,VST_first,2,0.7876817250242949,0.7276300536514503,-0.06005167137284462
15,VST_first,3,0.7447450986254072,0.7007912053600952,-0.04395389326531196
15,VST_first,4,0.7434249702864693,0.6948836944649752,-0.048541275821494034
15,VST_first,5,0.7741670783780734,0.754763178823705,-0.019403899554368387
15,VST_first,6,0.8124112071654868,0.7534459977032417,-0.05896520946224504
15,VST_first,7,0.7263573419377068,0.7158942321562813,-0.010463109781425506
15,VST_first,8,0.7562843953190037,0.7719606667423905,0.01567627142338679
16,RSVP_first,1,0.6850382656005781,0.7110354153622345,0.025997149761656346
16,RSVP_first,2,0.7270521837414196,0.7189459713588887,-0.008106212382530842
16,RSVP_first,3,0.6706262983924065,0.65764001343223,-0.012986284960176508
16,RSVP_first,4,0.6531668803973818,0.6836426602950366,0.03047577989765482
16,RSVP_first,5,0.6958911044401926,0.6490041809434897,-0.04688692349670298
16,RSVP_first,6,0.6896269860126442,0.721588329697439,0.03196134368479486
16,RSVP_first,7,0.7057567979060086,0.7004725382705356,-0.005284259635473076
16,RSVP_first,8,0.7152641124639993,0.6631207183835943,-0.052143394080405026
17,VST_first,1,0.5739560523532605,0.5541385744450215,-0.019817477908239067
17,VST_first,2,0.5919317736505219,0.6060317605981577,0.014099986947635812
17,VST_first,3,0.6980894785815925,0.5618079686276078,-0.1362815099539847
17,VST_first,4,0.5633692504954283,0.5621996991462129,-0.0011695513492153697
17,VST_first,5,0.7017165075787604,0.5516598629737852,-0.15005664460497514
17,VST_first,6,0.6223524786221434,0.6746893671844179,0.052336888562274475
17,VST_first,7,0.5859065403744657,0.6396888352381087,0.053782294863643054
17,VST_first,8,0.6858279112018986,0.48790148469038624,-0.19792642651151232
18,RSVP_first,1,0.6465216205185014,0.6944134778286305,0.04789185731012913
18,RSVP_first,2,0.6982691846159342,0.6674880291876046,-0.0307811554283296
18,RSVP_first,3,0.7316994622256623,0.5996509896208055,-0.13204847260485675
18,RSVP_first,4,0.7210866520753108,0.6346875435910361,-0.08639910848427468
18,RSVP_first,5,0.7377350459113732,0.7069454876406693,-0.030789558270703843
18,RSVP_first,6,0.7074697568742336,0.661193021221252,-0.046276735652981627
18,RSVP_first,7,0.7410267075984711,0.7026697610699036,-0.03835694652856747
18,RSVP_first,8,0.7426867611479447,0.6597943230303113,-0.08289243811763347
19,VST_first,1,0.6115502650437238,0.6049058932716558,-0.006644371772068003
19,VST_first,2,0.6970630037933437,0.665487438742258,-0.03157556505108572
19,VST_first,3,0.7156012603914828,0.6697647400460277,-0.045836520345455045
19,VST_first,4,0.7373873463614686,0.7214369837088414,-0.01595036265262728
19,VST_first,5,0.7153648877122846,0.792598032930587,0.07723314521830238
19,VST_first,6,0.7227801704477514,0.6954678527970043,-0.027312317650747153
19,VST_first,7,0.7264146530079602,0.7488522394649965,0.022437586457036307
19,VST_first,8,0.748542228910818,0.7107922401956412,-0.03774998871517676
20,RSVP_first,1,0.7540802047563637,0.8001404992731002,0.04606029451673643
20,RSVP_first,2,0.8032133009728679,0.7674955743330493,-0.03571772663981865
20,RSVP_first,3,0.7940961368656633,0.7476341663832471,-0.04646197048241618
20,RSVP_first,4,0.8115351477237405,0.7867528706687393,-0.024782277055001134
20,RSVP_first,5,0.6770111598077476,0.6826807625412197,0.005669602733472057
20,RSVP_first,6,0.7110218880277198,0.7344065623117435,0.023384674284023688
20,RSVP_first,7,0.7654812884141308,0.7438557722019945,-0.021625516212136264
20,RSVP_first,8,0.7101005423685262,0.7581327702463571,0.0480322278778309
21,VST_first,1,0.6939170593729144,0.7414210532460901,0.04750399387317572
21,VST_first,2,0.652272746851688,0.7228338400290572,0.07056109317736914
21,VST_first,3,0.6660656600797246,0.734413115377832,0.06834745529810748
21,VST_first,4,0.6934528976037038,0.6249330605139559,-0.06851983708974785
21,VST_first,5,0.6342166892694657,0.7267463279282975,0.09252963865883179
21,VST_first,6,0.6670211365287688,0.6126756805081992,-0.054345456020569616
21,VST_first,7,0.6624724754108411,0.5756206525180558,-0.08685182289278526
21,VST_first,8,0.71979615079243,0.6029148031842386,-0.11688134760819135
22,RSVP_first,1,0.7337624018723439,0.7253601674966007,-0.008402234375743167
22,RSVP_first,2,0.7160656839815566,0.7190004611498308,0.002934777168274283
22,RSVP_first,3,0.7104010416998671,0.6751583541639733,-0.03524268753589377
22,RSVP_first,4,0.7305950831551785,0.6704164275240843,-0.06017865563109426
22,RSVP_first,5,0.7248275247828744,0.7506515563839348,0.025824031601060393
22,RSVP_first,6,0.7087249028252837,0.6858448130376205,-0.022880089787663205
22,RSVP_first,7,0.7337940189727621,0.7859341693750663,0.05214015040230424
22,RSVP_first,8,0.7599351672529557,0.7428520936262939,-0.017083073626661838
23,VST_first,1,0.6842121840543213,0.7831216548939886,0.09890947083966728
23,VST_first,2,0.6711545068735403,0.7508279798021376,0.07967347292859728
23,VST_first,3,0.687560570028324,0.6988766736228166,0.011316103594492533
23,VST_first,4,0.6790351632206683,0.7506439700162222,0.07160880679555393
23,VST_first,5,0.7111606899741986,0.722336853965106,0.011176163990907484
23,VST_first,6,0.6639774361447841,0.7135550861874337,0.04957765004264958
23,VST_first,7,0.7748155599623798,0.7025063096535398,-0.07230925030884006
23,VST_first,8,0.51585423162481,0.7129460002630418,0.19709176863823175
24,RSVP_first,1,0.7475508847517527,0.701463095145643,-0.04608778960610971
24,RSVP_first,2,0.741365065424401,0.7243708236343135,-0.01699424179008746
24,RSVP_first,3,0.7013161714366712,0.7996119201004491,0.09829574866377788
24,RSVP_first,4,0.7741798113603788,0.7231076642550948,-0.05107214710528407
24,RSVP_first,5,0.6860015781480533,0.738897650326267,0.05289607217821368
24,RSVP_first,6,0.6270844929893044,0.7138196142838693,0.08673512129456495
24,RSVP_first,7,0.6653402584252902,0.7620896275398849,0.09674936911459464
24,RSVP_first,8,0.6450164641610496,0.7033514265000139,0.05833496233896429
25,VST_first,1,0.7222389547835126,0.7171724544223346,-0.005066500361178061
25,VST_first,2,0.7585046938900541,0.7100353559834635,-0.04846933790659069
25,VST_first,3,0.7184077582295801,0.7298163453327005,0.011408587103120316
25,VST_first,4,0.6530518434405252,0.7399800225857996,0.0869281791452744
25,VST_first,5,0.7340279063023992,0.607188668647742,-0.1268392376546572
25,VST_first,6,0.673315827026587,0.6827573575600294,0.009441530533442433
25,VST_first,7,0.6066908159398798,0.7548226202502448,0.148131804310365
25,VST_first,8,0.768519758933478,0.7463019391605881,-0.022217819772889946
26,RSVP_first,1,0.7085955062996541,0.6856962800728489,-0.02289922622680518
26,RSVP_first,2,0.7078566696040043,0.6749777301901702,-0.03287893941383413
26,RSVP_first,3,0.7616742953408675,0.672339567595752,-0.08933472774511553
26,RSVP_first,4,0.6028216901946567,0.7226650456538315,0.1198433554591748
26,RSVP_first,5,0.6383660009807152,0.6833361548284894,0.04497015384777425
26,RSVP_first,6,0.6499059834612493,0.7150129202534349,0.0651069367921856
26,RSVP_first,7,0.5908533356735777,0.6422194883312777,0.05136615265770006
26,RSVP_first,8,0.7648817931376911,0.7589869765436907,-0.005894816594000374
27,VST_first,1,0.659535065620156,0.5808514957853754,-0.07868356983478053
27,VST_first,2,0.667338614675146,0.6575222128275725,-0.009816401847573486
27,VST_first,3,0.7521323421029901,0.6922217038609746,-0.05991063824201548
27,VST_first,4,0.6901545856481469,0.7164516350401551,0.026297049392008165
27,VST_first,5,0.7471051511195074,0.7508357850740714,0.0037306339545640776
27,VST_first,6,0.7603853500265711,0.7485430404714367,-0.011842309555134434
27,VST_first,7,0.7342415182281279,0.7138036831970402,-0.020437835031087648
27,VST_first,8,0.7411069839150335,0.7086523543828693,-0.03245462953216416
28,RSVP_first,1,0.7201038082759219,0.6804453863620635,-0.03965842191385838
28,RSVP_first,2,0.6817835153194356,0.6854095164019036,0.0036260010824680222
28,RSVP_first,3,0.64032534345607794,0.7399985162231968,0.099673172767118845
28,RSVP_first,4,0.5965870423643704,0.6559473734773259,0.05936033111295547
28,RSVP_first,5,0.7022471337973029,0.7206161787762638,0.01836904497896097
28,RSVP_first,6,0.7085225778606166,0.7009300915444104,-0.007592486316206126
28,RSVP_first,7,0.6774711031573054,0.6746420218520089,-0.002829081305296466
28,RSVP_first,8,0.739428275026085,0.6712635147658519,-0.0681647602602331
29,VST_first,1,0.6869906373374732,0.6610330282116226,-0.025957609125850656
29,VST_first,2,0.651355703915161,0.6200395388471832,-0.03131616506797774
29,VST_first,3,0.6039653500319807,0.6719953132488139,0.06802996321683319
29,VST_first,4,0.6632927005155842,0.6969570867305144,0.033664386214930175
29,VST_first,5,0.6852734960564049,0.6165256692940262,-0.06874782676237867
29,VST_first,6,0.589056736110786,0.677299635182648,0.088242899071862
29,VST_first,7,0.5927965799105679,0.6538560194504877,0.06105943953991977
29,VST_first,8,0.7274735870170184,0.6812266218624895,-0.04624696515452886
30,RSVP_first,1,0.7475403454521157,0.744876284696434,-0.0026640607556817075
30,RSVP_first,2,0.7024653463216449,0.6682203330909712,-0.03424501323067375
30,RSVP_first,3,0.7500218204173119,0.7522789036374516,0.002257083220139733
30,RSVP_first,4,0.7391433642272496,0.7666601321566578,0.02751676792940827
30,RSVP_first,5,0.7441104647791073,0.7172993460541759,-0.02681111872493136
30,RSVP_first,6,0.7688059040530891,0.7419489417609715,-0.026856962292117648
30,RSVP_first,7,0.7343148759878252,0.7481079641196245,0.013793088131799358
30,RSVP_first,8,0.7747712209856853,0.6823580780406728,-0.09241314294501246
31,VST_first,1,0.6738768120539647,0.6567441680383618,-0.017132644015602883
31,VST_first,2,0.6843283878705197,0.6927424453913518,0.008414057520832019
31,VST_first,3,0.7068456003603973,0.7150022528496737,0.008156652489276328
31,VST_first,4,0.6718582239578961,0.6386794310811257,-0.03317879287677039
31,VST_first,5,0.6552478083403376,0.7048421735888301,0.04959436524849248
31,VST_first,6,0.725747087804374,0.67372447399688,-0.05202261380749407
31,VST_first,7,0.6939892012188998,0.7402075722378535,0.04621837101895365
31,VST_first,8,0.7369318518724001,0.7325882564733694,-0.00434359539903062
32,RSVP_first,1,0.7276150124668024,0.797766213305956,0.0701512008391536
32,RSVP_first,2,0.7971981632020023,0.7604220037486302,-0.03677615945337209
32,RSVP_first,3,0.757517347019377,0.7246189426539837,-0.03289840436539326
32,RSVP_first,4,0.7072827985448091,0.7096950126529753,0.0024122141081661663
32,RSVP_first,5,0.6987851178421656,0.6333936222453186,-0.06539149559684698
32,RSVP_first,6,0.7730852589726755,0.7180933287067264,-0.054991930265949174
32,RSVP_first,7,0.6120799256903361,0.6988560842889655,0.08677615859862942
32,RSVP_first,8,0.66636289072631,0.7095439807519263,0.04318109002561621
33,VST_first,1,0.7502702150322471,0.7309991717771581,-0.019271043255088993
33,VST_first,2,0.7226582572698842,0.7019292903253117,-0.02072896694457249
33,VST_first,3,0.6881317436916516,0.7020689730721004,0.013937229380448724
33,VST_first,4,0.7659378329908921,0.7282752006792745,-0.037662632311617594
33,VST_first,5,0.7341714107343751,0.6837146201318018,-0.05045679060257324
33,VST_first,6,0.7504469957038846,0.68318865746209,-0.06725833824179461
33,VST_first,7,0.6707337079283132,0.7047955230966639,0.03406181516835072
33,VST_first,8,0.6968740703709065,0.6827822465935522,-0.014091823777354295
34,RSVP_first,1,0.6959962810785112,0.6773143010640308,-0.018681980014480404
34,RSVP_first,2,0.7200145790354542,0.6833189957892841,-0.03669558324617006
34,RSVP_first,3,0.5918346985489868,0.6246857835072215,0.03285108495823463
34,RSVP_first,4,0.6745483110326481,0.6485219052164964,-0.026026405816151676
34,RSVP_first,5,0.7282410648457275,0.6746921885999626,-0.053548876245764876
34,RSVP_first,6,0.6398413068745785,0.674404838303122,0.034563531428543515
34,RSVP_first,7,0.6842343762376186,0.6975706200971221,0.013336243859503494
34,RSVP_first,8,0.6068445443520285,0.6678514290300911,0.06100688467806259
35,VST_first,1,0.6557854445089335,0.6111092542131527,-0.04467619029578085
35,VST_first,2,0.6431264857131694,0.6928486006630632,0.04972211494989376
35,VST_first,3,0.6080011331532571,0.6643094412830318,0.05630830812977472
35,VST_first,4,0.6354539814362992,0.644238047833954,0.008784066397654833
35,VST_first,5,0.7863696810463934,0.7758552597104053,-0.010514421335988122
35,VST_first,6,0.6276976625206003,0.676446435225346,0.048748772704745647
35,VST_first,7,0.6541300951601677,0.7413149614993186,0.0871848663391509
35,VST_first,8,0.7018123838926977,0.7734441551525936,0.07163177125989584
36,RSVP_first,1,0.6669416324964005,0.6462624493709425,-0.020679183125458023
36,RSVP_first,2,0.7399425899258256,0.6732006332242476,-0.06674195670157801
36,RSVP_first,3,0.6407246974237771,0.7204636932404095,0.07973899581663235
36,RSVP_first,4,0.7111127178112916,0.6915163376967994,-0.019596380114492162
36,RSVP_first,5,0.6495726409324529,0.7016660144292536,0.052093373496800655
36,RSVP_first,6,0.6157559874944244,0.6978107085769688,0.08205472108254441
36,RSVP_first,7,0.6268021067561059,0.637497697547062,0.010695590790956055
36,RSVP_first,8,0.6364607034050653,0.5970382607506561,-0.039422442654409195
37,VST_first,1,0.6049403702939264,0.6987407090388652,0.09380033874493876
37,VST_first,2,0.6601106739740388,0.6233026788641272,-0.03680799510991162
37,VST_first,3,0.7213106200696859,0.6277729347840998,-0.09353768528558615
37,VST_first,4,0.6603634696212596,0.6260395913588005,-0.034323878262459084
37,VST_first,5,0.620553247292975,0.6321027188419931,0.011549471549018087
37,VST_first,6,0.6879892240783343,0.6199408202358857,-0.06804840384244859
37,VST_first,7,0.6604088496512813,0.6270862984208273,-0.03332255123045402
37,VST_first,8,0.6868314491384702,0.7152342038056007,0.028402754667130492
38,RSVP_first,1,0.6373067056928089,0.5478000273818797,-0.08950667831092918
38,RSVP_first,2,0.596401914186964,0.7067373688504025,0.11033545466343853
38,RSVP_first,3,0.741356251772069,0.7979889674494118,0.05663271567734285
38,RSVP_first,4,0.6657997802052322,0.7134621636548415,0.04766238344960927
38,RSVP_first,5,0.6598263897684866,0.6388463128161775,-0.02098007695230908
38,RSVP_first,6,0.6877176123787898,0.636886029712801,-0.05083158266598886
38,RSVP_first,7,0.6140204810758992,0.7343111461068321,0.12029066503093289
38,RSVP_first,8,0.7644498461175453,0.7599655669465074,-0.004484279171037886
39,VST_first,1,0.749543043982406,0.6501965453628656,-0.09934649861954037
39,VST_first,2,0.6671098669806768,0.6739079028927233,0.0067980359120465295
39,VST_first,3,0.7609104335768531,0.7512363804670954,-0.009674053109757663
39,VST_first,4,0.7085142765335604,0.8194663540275283,0.11095207749396796
39,VST_first,5,0.7353641746253762,0.7769536780629905,0.04158950343761436
39,VST_first,6,0.7944143032758819,0.787326902669257,-0.007087400606624938
39,VST_first,7,0.7813854926775526,0.7716073832723257,-0.009778109405226942
39,VST_first,8,0.7688523644696678,0.7696222062319472,7.698417622794551e-4
40,RSVP_first,1,0.7272101864625236,0.6745961785099164,-0.05261400795260718
40,RSVP_first,2,0.6729087651414921,0.6980607163363909,0.02515195119489877
40,RSVP_first,3,0.7793676317494945,0.7516417655214471,-0.027725866228047402
40,RSVP_first,4,0.7705835165119258,0.6520707549429661,-0.11851276156895973
40,RSVP_first,5,0.7713539069317205,0.7925955626136957,0.021241655681975224
40,RSVP_first,6,0.8038081132924796,0.7095484624060614,-0.09425965088641819
40,RSVP_first,7,0.7389043055578897,0.7514809345317156,0.012576628973825943
40,RSVP_first,8,0.7656465058952796,0.7744973509775606,0.008850845082280956
41,VST_first,1,0.7218655314657575,0.6747468492231384,-0.04711868224261906
41,VST_first,2,0.7263947895972956,0.7210021475824528,-0.005392642014842797
41,VST_first,3,0.7132975401013457,0.7507464178938116,0.03744887779246586
41,VST_first,4,0.6719353250912014,0.7138483492543009,0.0419130241630995
41,VST_first,5,0.732477183857705,0.7279747905589159,-0.004502393298789098
41,VST_first,6,0.7203744570187944,0.7101319548092822,-0.010242502209512283
41,VST_first,7,0.7062656338917557,0.7727289577415662,0.06646332384981057
41,VST_first,8,0.7273098974857741,0.7460751324225958,0.018765234936821695
42,RSVP_first,1,0.7025153365544083,0.6873278739339036,-0.015187462620504744
42,RSVP_first,2,0.7141309583685996,0.7630787449298879,0.04894778656128829
42,RSVP_first,3,0.6571599261207636,0.7220675976960398,0.06490767157527622
42,RSVP_first,4,0.7300349412793664,0.6992139997135417,-0.03082094156582471
42,RSVP_first,5,0.7628673826978356,0.7007646246358707,-0.06210275806196486
42,RSVP_first,6,0.7354872684965172,0.7304787413395922,-0.005008527156925013
42,RSVP_first,7,0.7018120357855974,0.6953545857026812,-0.006457450082916205
42,RSVP_first,8,0.7397924044668714,0.6912557552495436,-0.04853664921732781
43,VST_first,1,0.5897485615536624,0.5921644050753634,0.002415843521700989
43,VST_first,2,0.6250222676179318,0.6276442903189503,0.0026220227010185226
43,VST_first,3,0.6184624964529895,0.6231276795721732,0.004665183119183736
43,VST_first,4,0.5639342653144713,0.6016251533402881,0.03769088802581677
43,VST_first,5,0.5771635790600133,0.54719696106790106,-0.0299666179921122
43,VST_first,6,0.6728887418038914,0.5827545727111416,-0.09013416909274974
43,VST_first,7,0.6310939590267165,0.5552913275470922,-0.0758026314796243
43,VST_first,8,0.5740608550926408,0.6034406559043557,0.029379800811714873
44,RSVP_first,1,0.619109599115595,0.7151278076496992,0.09601820853410414
44,RSVP_first,2,0.5643089179336049,0.5675601505315985,0.0032512325979935364
44,RSVP_first,3,0.5948920940120821,0.5994710732232946,0.0045789792112125305
44,RSVP_first,4,0.7091477460880329,0.6906354905765033,-0.018512255511529574
44,RSVP_first,5,0.6720310901533767,0.6693568978308199,-0.0026741923225568343
44,RSVP_first,6,0.6655403994720243,0.72828774962240606,0.0627473501503818
44,RSVP_first,7,0.7113843981370669,0.6796925411965156,-0.03169185694055132
44,RSVP_first,8,0.730800684732535,0.7283157372473426,-0.002484947485192457
45,VST_first,1,0.6083003388442888,0.6028722364471437,-0.005428102397145085
45,VST_first,2,0.6723123019837182,0.6037691278248116,-0.06854317415890654
45,VST_first,3,0.6784035189021638,0.5925722482724953,-0.08583127062966844
45,VST_first,4,0.7607072890214268,0.672983025705084,-0.08772426331634287
45,VST_first,5,0.6807138047604371,0.6941466682692816,0.01343286350884454
45,VST_first,6,0.6258516969772695,0.6863087461944009,0.06045704921713135
45,VST_first,7,0.7467351829471081,0.6560087344185042,-0.0907264485286039
45,VST_first,8,0.7269141492777446,0.6057744821192939,-0.1211396671584507
46,RSVP_first,1,0.6847389598455603,0.5364286029122889,-0.14831035693327144
46,RSVP_first,2,0.67915001519751,0.744785570404251,0.06563555520674103
46,RSVP_first,3,0.7471198458516792,0.6942367004601208,-0.05288314539155847
46,RSVP_first,4,0.6547597586443327,0.6015015760886815,-0.05325818255565118
46,RSVP_first,5,0.6992785224835881,0.5835202523063859,-0.1157582701772022
46,RSVP_first,6,0.6255507698556135,0.7021327168635257,0.07658194700791221
46,RSVP_first,7,0.6092453837771633,0.5543366998156584,-0.054908683961504945
46,RSVP_first,8,0.7589021945274805,0.729385791910848,-0.029516402616632575
47,VST_first,1,0.6888282703388922,0.7034342521142373,0.014605981775345112
47,VST_first,2,0.7302787813459899,0.7048420941856623,-0.025436687160327542
47,VST_first,3,0.7153613243790927,0.666837204856225,-0.048524119522867726
47,VST_first,4,0.6974573019205086,0.7023635799786228,0.004906278058114166
47,VST_first,5,0.6468192752029931,0.6862983465246859,0.039479071321692816
47,VST_first,6,0.7220077764126639,0.7155538433071147,-0.006453933105549203
47,VST_first,7,0.7503962535346088,0.660347333369915,-0.09004892016469379
47,VST_first,8,0.6296500171188104,0.6332611667810732,0.003611149662262836
48,RSVP_first,1,0.7420782982605544,0.7237015307518949,-0.018376767508659464
48,RSVP_first,2,0.7054950389126304,0.7501920803034287,0.04469704139079822
48,RSVP_first,3,0.7279472504641653,0.7088633775625189,-0.01908387290164637
48,RSVP_first,4,0.7428165921251733,0.7353372484561117,-0.0074793436690615556
48,RSVP_first,5,0.71149067714944,0.6831899871583967,-0.028300689991043293
48,RSVP_first,6,0.7448139587731847,0.721793992402803,-0.023019966370381728
48,RSVP_first,7,0.6962646436038836,0.6942959799614093,-0.0019686636424742776
48,RSVP_first,8,0.6251578193736843,0.6902562733698038,0.06509845399611947
