subjnum,block_Norm,CD,VD,suppress_score
1,1,0.6665982452838846,0.6912197616327884,0.02462151634890386
1,2,0.6569628621557256,0.7297749162916377,0.07281205413591207
1,3,0.6610236460899671,0.702738201504942,0.04171455541497493
1,4,0.6947450789794679,0.6703420613866297,-0.02440301759283825
1,5,0.6795708577025128,0.6005592381358451,-0.07901161956666769
1,6,0.6088502456957688,0.719352333175989,0.11050208748022017
1,7,0.6763181035649072,0.7257058891739735,0.049387785609066315
1,8,0.658537354371364,0.7210811799537681,0.06254382558240412
3,1,0.7949541074648269,0.7710699120055834,-0.023884195459243474
3,2,0.7391148528348508,0.8093122269685733,0.07019737413372251
3,3,0.7059815494887846,0.6300086594531261,-0.07597289003565844
3,4,0.8131019206938939,0.7404909976893779,-0.07261092300451599
3,5,0.6736017571215136,0.7846679806857626,0.111066223564249
3,6,0.7005147153550602,0.7491956134705439,0.048680898115483706
3,7,0.7722486738908454,0.7356681589611056,-0.036580514929739794
3,8,0.7300739629293472,0.8063595647590882,0.07628560182974098
5,1,0.7141313137011388,0.7184432886238631,0.004311974922724282
5,2,0.7350017625092747,0.719795893525261,-0.01520586898401377
5,3,0.6977810982971714,0.7384976264047829,0.040716528107611505
5,4,0.7436103151676532,0.7147418191820148,-0.028868495985638343
5,5,0.6658714911837879,0.6841208679639006,0.018249376780112736
5,6,0.7053389626163399,0.6933033305169304,-0.012035632099409499
5,7,0.7172978593978058,0.6953326325040039,-0.02196522689380187
5,8,0.7045212740032377,0.6860504478396614,-0.018470826163576315
7,1,0.6738738897951844,0.6386443838573698,-0.0352295059378146
7,2,0.7402533167751291,0.7363906582801407,-0.003862658494988347
7,3,0.7348582190357893,0.7440512815224501,0.009193062486660852
7,4,0.764172454742866,0.7146184866830232,-0.0495539680598428
7,5,0.664711330011454,0.7426271561178843,0.07791582610643033
7,6,0.7163591659079245,0.7506491074136747,0.034289941505750265
7,7,0.729242458396896,0.7672775702882333,0.03803511189133724
7,8,0.7449960141233671,0.7118871618246942,-0.033108852298672886
9,1,0.6870611724223988,0.67043671094859425,-0.016624461473804586
9,2,0.7593983171920586,0.696434597914767,-0.06296371927729161
9,3,0.6994160903147217,0.7266433744158624,0.027227284101140614
9,4,0.7436526882411985,0.7391701339986199,-0.004482554242578596
9,5,0.7244525517614101,0.7173563684370866,-0.007096183324323491
9,6,0.7674198274521596,0.744288945168392,-0.023130882283767695
9,7,0.7381542873124162,0.7686110432321859,0.030456755919769707
9,8,0.7680319491102973,0.7462198789274127,-0.021812070182884558
11,1,0.6890708713526901,0.7611381537400311,0.07206728238734106
11,2,0.7617524913088901,0.7315404201054918,-0.030212071203398305
11,3,0.7483092045243203,0.7377921216840777,-0.010517082840242553
11,4,0.7135026599186772,0.7469492596623339,0.03344659974365671
11,5,0.7517408485378145,0.750019146802654,-0.001721701735160508
11,6,0.7532820859877498,0.6962636102639319,-0.05701847572381791
11,7,0.7558518195140989,0.6899087412646869,-0.06594307824941192
11,8,0.7302115824724841,0.7335903039656823,0.003378721493198178
13,1,0.6689550222264733,0.7291975597409307,0.060242537514457406
13,2,0.6962923527881245,0.6279576358549164,-0.06833471693320814
13,3,0.6997826431855326,0.6998008333805235,1.81901949908303e-5
13,4,0.6502114296106664,0.7239455803601444,0.07373415074947809
13,5,0.7073082963178203,0.6599585374718322,-0.04734975884598813
13,6,0.6584331118248479,0.6984736711537756,0.040040559328927694
13,7,0.714077658470396,0.6633706366837895,-0.050707021786606465
13,8,0.7135273958041222,0.7229367089993787,0.009409313195256508
15,1,0.7850627231190593,0.7541955732094332,-0.030867149909626135
15,2,0.7876817250242949,0.7276300536514503,-0.06005167137284462
15,3,0.7447450986254072,0.7007912053600952,-0.04395389326531196
15,4,0.7434249702864693,0.6948836944649752,-0.048541275821494034
15,5,0.7741670783780734,0.754763178823705,-0.019403899554368387
15,6,0.8124112071654868,0.7534459977032417,-0.05896520946224504
15,7,0.7263573419377068,0.7158942321562813,-0.010463109781425506
15,8,0.7562843953190037,0.7719606667423905,0.01567627142338679
17,1,0.5739560523532605,0.5541385744450215,-0.019817477908239067
17,2,0.5919317736505219,0.6060317605981577,0.014099986947635812
17,3,0.6980894785815925,0.5618079686276078,-0.1362815099539847
17,4,0.5633692504954283,0.5621996991462129,-0.0011695513492153697
17,5,0.7017165075787604,0.5516598629737852,-0.15005664460497514
17,6,0.6223524786221434,0.6746893671844179,0.052336888562274475
17,7,0.5859065403744657,0.6396888352381087,0.053782294863643054
17,8,0.6858279112018986,0.48790148469038624,-0.19792642651151232
19,1,0.6115502650437238,0.6049058932716558,-0.006644371772068003
19,2,0.6970630037933437,0.665487438742258,-0.03157556505108572
19,3,0.7156012603914828,0.6697647400460277,-0.045836520345455045
19,4,0.7373873463614686,0.7214369837088414,-0.01595036265262728
19,5,0.7153648877122846,0.792598032930587,0.07723314521830238
19,6,0.7227801704477514,0.6954678527970043,-0.027312317650747153
19,7,0.7264146530079602,0.7488522394649965,0.022437586457036307
19,8,0.748542228910818,0.7107922401956412,-0.03774998871517676
21,1,0.6939170593729144,0.7414210532460901,0.04750399387317572
21,2,0.652272746851688,0.7228338400290572,0.07056109317736914
21,3,0.6660656600797246,0.734413115377832,0.06834745529810748
21,4,0.6934528976037038,0.6249330605139559,-0.06851983708974785
21,5,0.6342166892694657,0.7267463279282975,0.09252963865883179
21,6,0.6670211365287688,0.6126756805081992,-0.054345456020569616
21,7,0.6624724754108411,0.5756206525180558,-0.08685182289278526
21,8,0.71979615079243,0.6029148031842386,-0.11688134760819135
23,1,0.6842121840543213,0.7831216548939886,0.09890947083966728
23,2,0.6711545068735403,0.7508279798021376,0.07967347292859728
23,3,0.687560570028324,0.6988766736228166,0.011316103594492533
23,4,0.6790351632206683,0.7506439700162222,0.07160880679555393
23,5,0.7111606899741986,0.722336853965106,0.011176163990907484
23,6,0.6639774361447841,0.7135550861874337,0.04957765004264958
23,7,0.7748155599623798,0.7025063096535398,-0.07230925030884006
23,8,0.51585423162481,0.7129460002630418,0.19709176863823175
25,1,0.7222389547835126,0.7171724544223346,-0.005066500361178061
25,2,0.7585046938900541,0.7100353559834635,-0.04846933790659069
25,3,0.7184077582295801,0.7298163453327005,0.011408587103120316
25,4,0.6530518434405252,0.7399800225857996,0.0869281791452744
25,5,0.7340279063023992,0.607188668647742,-0.1268392376546572
25,6,0.673315827026587,0.6827573575600294,0.009441530533442433
25,7,0.6066908159398798,0.7548226202502448,0.148131804310365
25,8,0.768519758933478,0.7463019391605881,-0.022217819772889946
27,1,0.659535065620156,0.5808514957853754,-0.07868356983478053
27,2,0.667338614675146,0.6575222128275725,-0.009816401847573486
27,3,0.7521323421029901,0.6922217038609746,-0.05991063824201548
27,4,0.6901545856481469,0.7164516350401551,0.026297049392008165
27,5,0.7471051511195074,0.7508357850740714,0.0037306339545640776
27,6,0.7603853500265711,0.7485430404714367,-0.011842309555134434
27,7,0.7342415182281279,0.7138036831970402,-0.020437835031087648
27,8,0.7411069839150335,0.7086523543828693,-0.03245462953216416
29,1,0.6869906373374732,0.6610330282116226,-0.025957609125850656
29,2,0.651355703915161,0.6200395388471832,-0.03131616506797774
29,3,0.6039653500319807,0.6719953132488139,0.06802996321683319
29,4,0.6632927005155842,0.6969570867305144,0.033664386214930175
29,5,0.6852734960564049,0.6165256692940262,-0.06874782676237867
29,6,0.589056736110786,0.677299635182648,0.088242899071862
29,7,0.5927965799105679,0.6538560194504877,0.06105943953991977
29,8,0.7274735870170184,0.6812266218624895,-0.04624696515452886
31,1,0.6738768120539647,0.6567441680383618,-0.017132644015602883
31,2,0.6843283878705197,0.6927424453913518,0.008414057520832019
31,3,0.7068456003603973,0.7150022528496737,0.008156652489276328
31,4,0.6718582239578961,0.6386794310811257,-0.03317879287677039
31,5,0.6552478083403376,0.7048421735888301,0.04959436524849248
31,6,0.725747087804374,0.67372447399688,-0.05202261380749407
31,7,0.6939892012188998,0.7402075722378535,0.04621837101895365
31,8,0.7369318518724001,0.7325882564733694,-0.00434359539903062
33,1,0.7502702150322471,0.7309991717771581,-0.019271043255088993
33,2,0.7226582572698842,0.7019292903253117,-0.02072896694457249
33,3,0.6881317436916516,0.7020689730721004,0.013937229380448724
33,4,0.7659378329908921,0.7282752006792745,-0.037662632311617594
33,5,0.7341714107343751,0.6837146201318018,-0.05045679060257324
33,6,0.7504469957038846,0.68318865746209,-0.06725833824179461
33,7,0.6707337079283132,0.7047955230966639,0.03406181516835072
33,8,0.6968740703709065,0.6827822465935522,-0.014091823777354295
35,1,0.6557854445089335,0.6111092542131527,-0.04467619029578085
35,2,0.6431264857131694,0.6928486006630632,0.04972211494989376
35,3,0.6080011331532571,0.6643094412830318,0.05630830812977472
35,4,0.6354539814362992,0.644238047833954,0.008784066397654833
35,5,0.7863696810463934,0.7758552597104053,-0.010514421335988122
35,6,0.6276976625206003,0.676446435225346,0.048748772704745647
35,7,0.6541300951601677,0.7413149614993186,0.0871848663391509
35,8,0.7018123838926977,0.7734441551525936,0.07163177125989584
37,1,0.6049403702939264,0.6987407090388652,0.09380033874493876
37,2,0.6601106739740388,0.6233026788641272,-0.03680799510991162
37,3,0.7213106200696859,0.6277729347840998,-0.09353768528558615
37,4,0.6603634696212596,0.6260395913588005,-0.034323878262459084
37,5,0.620553247292975,0.6321027188419931,0.011549471549018087
37,6,0.6879892240783343,0.6199408202358857,-0.06804840384244859
37,7,0.6604088496512813,0.6270862984208273,-0.03332255123045402
37,8,0.6868314491384702,0.7152342038056007,0.028402754667130492
39,1,0.749543043982406,0.6501965453628656,-0.09934649861954037
39,2,0.6671098669806768,0.6739079028927233,0.0067980359120465295
39,3,0.7609104335768531,0.7512363804670954,-0.009674053109757663
39,4,0.7085142765335604,0.8194663540275283,0.11095207749396796
39,5,0.7353641746253762,0.7769536780629905,0.04158950343761436
39,6,0.7944143032758819,0.787326902669257,-0.007087400606624938
39,7,0.7813854926775526,0.7716073832723257,-0.009778109405226942
39,8,0.7688523644696678,0.7696222062319472,7.698417622794551e-4
41,1,0.7218655314657575,0.6747468492231384,-0.04711868224261906
41,2,0.7263947895972956,0.7210021475824528,-0.005392642014842797
41,3,0.7132975401013457,0.7507464178938116,0.03744887779246586
41,4,0.6719353250912014,0.7138483492543009,0.0419130241630995
41,5,0.732477183857705,0.7279747905589159,-0.004502393298789098
41,6,0.7203744570187944,0.7101319548092822,-0.010242502209512283
41,7,0.7062656338917557,0.7727289577415662,0.06646332384981057
41,8,0.7273098974857741,0.7460751324225958,0.018765234936821695
43,1,0.5897485615536624,0.5921644050753634,0.002415843521700989
43,2,0.6250222676179318,0.6276442903189503,0.0026220227010185226
43,3,0.6184624964529895,0.6231276795721732,0.004665183119183736
43,4,0.5639342653144713,0.6016251533402881,0.03769088802581677
43,5,0.5771635790600133,0.54719696106790106,-0.0299666179921122
43,6,0.6728887418038914,0.5827545727111416,-0.09013416909274974
43,7,0.6310939590267165,0.5552913275470922,-0.0758026314796243
43,8,0.5740608550926408,0.6034406559043557,0.029379800811714873
45,1,0.6083003388442888,0.6028722364471437,-0.005428102397145085
45,2,0.6723123019837182,0.6037691278248116,-0.06854317415890654
45,3,0.6784035189021638,0.5925722482724953,-0.08583127062966844
45,4,0.7607072890214268,0.672983025705084,-0.08772426331634287
45,5,0.6807138047604371,0.6941466682692816,0.01343286350884454
45,6,0.6258516969772695,0.6863087461944009,0.06045704921713135
45,7,0.7467351829471081,0.6560087344185042,-0.0907264485286039
45,8,0.7269141492777446,0.6057744821192939,-0.1211396671584507
47,1,0.6888282703388922,0.7034342521142373,0.014605981775345112
47,2,0.7302787813459899,0.7048420941856623,-0.025436687160327542
47,3,0.7153613243790927,0.666837204856225,-0.048524119522867726
47,4,0.6974573019205086,0.7023635799786228,0.004906278058114166
47,5,0.6468192752029931,0.6862983465246859,0.039479071321692816
47,6,0.7220077764126639,0.7155538433071147,-0.006453933105549203
47,7,0.7503962535346088,0.660347333369915,-0.09004892016469379
47,8,0.6296500171188104,0.6332611667810732,0.003611149662262836
